midMonth,midMonth,meanTemp,seasonality,trend,residual
1945-01-15,1945-01-15,33.7,-22.291358092614328,,
1945-02-15,1945-02-15,38.8,-15.767766543318553,,
1945-03-15,1945-03-15,42.2,-8.032907388388976,,
1945-04-15,1945-04-15,50.3,-0.5646562146800542,,
1945-05-15,1945-05-15,61.7,8.33974519377065,,
1945-06-15,1945-06-15,67.5,15.869909513019477,,
1945-07-15,1945-07-15,78.0,23.31002509074509,53.6875,1.0024749092549108
1945-08-15,1945-08-15,77.5,21.74434222037472,53.74999999999999,2.005657779625288
1945-09-15,1945-09-15,64.6,12.75823110926361,53.92083333333333,-2.079064442596943
1945-10-15,1945-10-15,56.4,-0.4063815667927299,54.199999999999996,2.6063815667927326
1945-11-15,1945-11-15,40.6,-13.589304102003997,54.44166666666666,-0.2523625646626648
1945-12-15,1945-12-15,32.6,-21.36987921937489,54.512499999999996,-0.5426207806251035
1946-01-15,1946-01-15,34.4,-22.291358092614328,54.40833333333333,2.2830247592809947
1946-02-15,1946-02-15,39.6,-15.767766543318553,54.29166666666668,1.0760998766518757
1946-03-15,1946-03-15,45.5,-8.032907388388976,54.2125,-0.6795926116110227
1946-04-15,1946-04-15,53.7,-0.5646562146800542,53.8875,0.3771562146800542
1946-05-15,1946-05-15,64.1,8.33974519377065,53.4,2.360254806229346
1946-06-15,1946-06-15,66.8,15.869909513019477,53.29166666666667,-2.3615761796861516
1946-07-15,1946-07-15,76.2,23.31002509074509,53.09166666666666,-0.20169175741174783
1946-08-15,1946-08-15,76.5,21.74434222037472,52.81666666666666,1.9389911129586181
1946-09-15,1946-09-15,63.7,12.75823110926361,53.00416666666666,-2.06239777593027
1946-10-15,1946-10-15,49.5,-0.4063815667927299,53.27499999999999,-3.3686184332072617
1946-11-15,1946-11-15,35.8,-13.589304102003997,53.566666666666656,-4.177362564662662
1946-12-15,1946-12-15,34.8,-21.36987921937489,53.800000000000004,2.3698792193748837
1947-01-15,1947-01-15,27.4,-22.291358092614328,53.80416666666666,-4.112808574052334
1947-02-15,1947-02-15,40.0,-15.767766543318553,53.57083333333333,2.19693320998522
1947-03-15,1947-03-15,49.6,-8.032907388388976,53.44583333333333,4.1870740550556445
1947-04-15,1947-04-15,56.1,-0.5646562146800542,53.67916666666667,2.9854895480133887
1947-05-15,1947-05-15,68.7,8.33974519377065,54.06666666666666,6.29358813956269
1947-06-15,1947-06-15,67.8,15.869909513019477,54.22083333333334,-2.2907428463528188
1947-07-15,1947-07-15,75.3,23.31002509074509,54.34166666666667,-2.3516917574117606
1947-08-15,1947-08-15,71.8,21.74434222037472,54.19166666666666,-4.136008887041385
1947-09-15,1947-09-15,65.4,12.75823110926361,53.537499999999994,-0.8957311092635987
1947-10-15,1947-10-15,53.4,-0.4063815667927299,52.94583333333332,0.8605482334594099
1947-11-15,1947-11-15,41.2,-13.589304102003997,52.23333333333332,2.5559707686706794
1947-12-15,1947-12-15,33.1,-21.36987921937489,51.99166666666666,2.478212552708232
1948-01-15,1948-01-15,32.0,-22.291358092614328,52.079166666666666,2.212191425947662
1948-02-15,1948-02-15,31.8,-15.767766543318553,51.975,-4.407233456681448
1948-03-15,1948-03-15,42.1,-8.032907388388976,51.93333333333334,-1.8004259449443598
1948-04-15,1948-04-15,49.4,-0.5646562146800542,51.791666666666664,-1.8270104519866115
1948-05-15,1948-05-15,58.3,8.33974519377065,51.675000000000004,-1.714745193770657
1948-06-15,1948-06-15,72.4,15.869909513019477,51.39999999999999,5.130090486980537
1948-07-15,1948-07-15,72.8,23.31002509074509,50.387499999999996,-0.8975250907450878
1948-08-15,1948-08-15,71.8,21.74434222037472,49.63333333333333,0.4223244462919453
1948-09-15,1948-09-15,64.4,12.75823110926361,49.76249999999999,1.879268890736407
1948-10-15,1948-10-15,51.0,-0.4063815667927299,50.14583333333333,1.2605482334594014
1948-11-15,1948-11-15,40.8,-13.589304102003997,50.76249999999999,3.626804102004005
1948-12-15,1948-12-15,26.9,-21.36987921937489,50.99583333333333,-2.7259541139584407
1949-01-15,1949-01-15,13.9,-22.291358092614328,50.954166666666666,-14.76280857405234
1949-02-15,1949-02-15,31.8,-15.767766543318553,51.166666666666664,-3.598900123348111
1949-03-15,1949-03-15,45.2,-8.032907388388976,51.454166666666666,1.778740721722313
1949-04-15,1949-04-15,55.5,-0.5646562146800542,51.58333333333333,4.481322881346726
1949-05-15,1949-05-15,67.0,8.33974519377065,51.73333333333333,6.926921472896023
1949-06-15,1949-06-15,69.3,15.869909513019477,52.25833333333333,1.171757153647187
1949-07-15,1949-07-15,74.9,23.31002509074509,52.525,-0.9350250907450821
1949-08-15,1949-08-15,74.8,21.74434222037472,52.40416666666666,0.6514911129586167
1949-09-15,1949-09-15,68.3,12.75823110926361,52.2375,3.30426889073639
1949-10-15,1949-10-15,50.2,-0.4063815667927299,51.883333333333326,-1.276951766540593
1949-11-15,1949-11-15,45.2,-13.589304102003997,51.316666666666656,7.472637435337344
1949-12-15,1949-12-15,35.1,-21.36987921937489,50.86666666666666,5.603212552708232
1950-01-15,1950-01-15,12.1,-22.291358092614328,50.77083333333332,-16.379475240718993
1950-02-15,1950-02-15,30.7,-15.767766543318553,50.85833333333332,-4.390566790014768
1950-03-15,1950-03-15,42.3,-8.032907388388976,50.89166666666666,-0.5587592782776856
1950-04-15,1950-04-15,49.9,-0.5646562146800542,50.89583333333333,-0.4311771186532758
1950-05-15,1950-05-15,59.0,8.33974519377065,50.74583333333332,-0.08557852710397285
1950-06-15,1950-06-15,66.5,15.869909513019477,50.604166666666664,0.025923820313858315
1950-07-15,1950-07-15,75.4,23.31002509074509,51.52083333333333,0.5691415759215879
1950-08-15,1950-08-15,76.4,21.74434222037472,52.65,2.005657779625288
1950-09-15,1950-09-15,67.5,12.75823110926361,52.81666666666666,1.925102224069727
1950-10-15,1950-10-15,51.1,-0.4063815667927299,52.900000000000006,-1.3936184332072743
1950-11-15,1950-11-15,40.7,-13.589304102003997,53.1625,1.126804102003998
1950-12-15,1950-12-15,36.2,-21.36987921937489,53.37083333333334,4.1990458860415565
1951-01-15,1951-01-15,33.0,-22.291358092614328,53.54583333333333,1.7455247592810004
1951-02-15,1951-02-15,36.9,-15.767766543318553,53.50833333333333,-0.8405667900147815
1951-03-15,1951-03-15,40.1,-8.032907388388976,53.38749999999999,-5.254592611611011
1951-04-15,1951-04-15,54.1,-0.5646562146800542,53.37499999999999,1.2896562146800628
1951-05-15,1951-05-15,61.1,8.33974519377065,53.341666666666654,-0.5814118604373029
1951-06-15,1951-06-15,69.4,15.869909513019477,52.92499999999998,0.6050904869805454
1951-07-15,1951-07-15,76.7,23.31002509074509,52.23333333333332,1.1566415759215936
1951-08-15,1951-08-15,74.2,21.74434222037472,51.9,0.5556577796252853
1951-09-15,1951-09-15,66.8,12.75823110926361,52.05833333333333,1.983435557403057
1951-10-15,1951-10-15,51.5,-0.4063815667927299,52.27083333333333,-0.3644517665405987
1951-11-15,1951-11-15,39.5,-13.589304102003997,52.38333333333332,0.705970768670678
1951-12-15,1951-12-15,27.4,-21.36987921937489,52.35416666666667,-3.584287447291782
1952-01-15,1952-01-15,25.2,-22.291358092614328,52.27083333333334,-4.779475240719016
1952-02-15,1952-02-15,36.7,-15.767766543318553,52.275000000000006,0.19276654331854992
1952-03-15,1952-03-15,44.1,-8.032907388388976,52.35833333333333,-0.22542594494434987
1952-04-15,1952-04-15,55.2,-0.5646562146800542,52.7625,3.0021562146800544
1952-05-15,1952-05-15,62.7,8.33974519377065,52.845833333333324,1.5144214728960286
1952-06-15,1952-06-15,67.1,15.869909513019477,52.925,-1.6949095130194802
1952-07-15,1952-07-15,77.0,23.31002509074509,53.954166666666666,-0.26419175741175493
1952-08-15,1952-08-15,74.0,21.74434222037472,54.8625,-2.606842220374716
1952-09-15,1952-09-15,69.0,12.75823110926361,55.13749999999999,1.1042688907364013
1952-10-15,1952-10-15,59.0,-0.4063815667927299,55.04999999999999,4.35638156679274
1952-11-15,1952-11-15,34.0,-13.589304102003997,54.67916666666666,-7.089862564662663
1952-12-15,1952-12-15,34.8,-21.36987921937489,54.3125,1.857379219374888
1953-01-15,1953-01-15,42.5,-22.291358092614328,54.09166666666667,10.699691425947659
1953-02-15,1953-02-15,41.2,-15.767766543318553,54.04166666666668,2.926099876651877
1953-03-15,1953-03-15,46.2,-8.032907388388976,53.99166666666667,0.2412407217223116
1953-04-15,1953-04-15,51.0,-0.5646562146800542,53.79166666666665,-2.2270104519865956
1953-05-15,1953-05-15,58.0,8.33974519377065,54.033333333333324,-4.373078527103974
1953-06-15,1953-06-15,63.0,15.869909513019477,54.541666666666664,-7.411576179686142
1953-07-15,1953-07-15,75.8,23.31002509074509,54.09166666666666,-1.6016917574117535
1953-08-15,1953-08-15,74.0,21.74434222037472,53.44583333333333,-1.1901755537080518
1953-09-15,1953-09-15,67.8,12.75823110926361,53.17083333333333,1.87093555740306
1953-10-15,1953-10-15,55.4,-0.4063815667927299,52.99166666666666,2.8147149001260683
1953-11-15,1953-11-15,43.4,-13.589304102003997,53.21249999999999,3.7768041020040037
1953-12-15,1953-12-15,37.6,-21.36987921937489,53.52083333333333,5.449045886041564
1954-01-15,1954-01-15,28.9,-22.291358092614328,53.545833333333334,-2.354475240719008
1954-02-15,1954-02-15,39.3,-15.767766543318553,53.358333333333334,1.7094332099852156
1954-03-15,1954-03-15,41.5,-8.032907388388976,53.1375,-3.604592611611027
1954-04-15,1954-04-15,51.4,-0.5646562146800542,52.85833333333333,-0.8936771186532744
1954-05-15,1954-05-15,62.9,8.33974519377065,52.8,1.7602548062293515
1954-06-15,1954-06-15,65.5,15.869909513019477,52.758333333333326,-3.128242846352803
1954-07-15,1954-07-15,73.9,23.31002509074509,52.65416666666667,-2.064191757411752
1954-08-15,1954-08-15,71.4,21.74434222037472,52.53333333333333,-2.8776755537080447
1954-09-15,1954-09-15,65.1,12.75823110926361,52.27916666666667,0.06260222406971572
1954-10-15,1954-10-15,51.4,-0.4063815667927299,52.02916666666666,-0.22278509987393297
1954-11-15,1954-11-15,46.0,-13.589304102003997,51.62083333333333,7.968470768670667
1954-12-15,1954-12-15,34.0,-21.36987921937489,51.57083333333332,3.799045886041572
1955-01-15,1955-01-15,30.0,-22.291358092614328,51.729166666666664,0.5621914259476632
1955-02-15,1955-02-15,35.3,-15.767766543318553,51.862500000000004,-0.7947334566814543
1955-03-15,1955-03-15,39.4,-8.032907388388976,52.08749999999999,-4.654592611611017
1955-04-15,1955-04-15,47.5,-0.5646562146800542,52.220833333333324,-4.15617711865327
1955-05-15,1955-05-15,57.0,8.33974519377065,51.68749999999999,-3.027245193770643
1955-06-15,1955-06-15,70.2,15.869909513019477,50.88333333333333,3.4467571536471926
1955-07-15,1955-07-15,73.0,23.31002509074509,50.766666666666666,-1.076691757411755
1955-08-15,1955-08-15,75.5,21.74434222037472,50.4375,3.318157779625281
1955-09-15,1955-09-15,66.4,12.75823110926361,50.21666666666667,3.425102224069727
1955-10-15,1955-10-15,53.3,-0.4063815667927299,50.762499999999996,2.943881566792731
1955-11-15,1955-11-15,31.3,-13.589304102003997,51.47083333333333,-6.581529231329334
1955-12-15,1955-12-15,29.4,-21.36987921937489,51.62916666666666,-0.8592874472917735
1956-01-15,1956-01-15,31.8,-22.291358092614328,51.6875,2.4038580926143283
1956-02-15,1956-02-15,25.6,-15.767766543318553,51.925000000000004,-10.55723345668145
1956-03-15,1956-03-15,43.8,-8.032907388388976,51.954166666666666,-0.12125927827769267
1956-04-15,1956-04-15,56.2,-0.5646562146800542,51.94166666666667,4.822989548013387
1956-05-15,1956-05-15,65.3,8.33974519377065,52.112500000000004,4.847754806229343
1956-06-15,1956-06-15,65.7,15.869909513019477,52.550000000000004,-2.719909513019479
1956-07-15,1956-07-15,78.9,23.31002509074509,52.12916666666667,3.4608082425882465
1956-08-15,1956-08-15,75.3,21.74434222037472,51.84583333333333,1.7098244462919467
1956-09-15,1956-09-15,67.3,12.75823110926361,52.20833333333333,2.3334355574030585
1956-10-15,1956-10-15,52.1,-0.4063815667927299,52.17499999999999,0.3313815667927413
1956-11-15,1956-11-15,36.6,-13.589304102003997,52.15833333333333,-1.9690292313293334
1956-12-15,1956-12-15,34.6,-21.36987921937489,52.395833333333336,3.5740458860415565
1957-01-15,1957-01-15,16.5,-22.291358092614328,52.416666666666664,-13.625308574052337
1957-02-15,1957-02-15,34.1,-15.767766543318553,52.12499999999999,-2.2572334566814387
1957-03-15,1957-03-15,44.0,-8.032907388388976,52.09583333333333,-0.06292594494435555
1957-04-15,1957-04-15,55.2,-0.5646562146800542,52.108333333333334,3.656322881346723
1957-05-15,1957-05-15,65.9,8.33974519377065,52.20833333333333,5.351921472896027
1957-06-15,1957-06-15,70.8,15.869909513019477,52.52916666666666,2.4009238203138583
1957-07-15,1957-07-15,74.3,23.31002509074509,53.550000000000004,-2.5600250907450963
1957-08-15,1957-08-15,72.9,21.74434222037472,54.84166666666667,-3.686008887041382
1957-09-15,1957-09-15,69.0,12.75823110926361,55.25416666666668,0.9876022240697129
1957-10-15,1957-10-15,50.7,-0.4063815667927299,55.07083333333334,-3.9644517665406074
1957-11-15,1957-11-15,40.4,-13.589304102003997,55.0,-1.0106958979960048
1957-12-15,1957-12-15,38.5,-21.36987921937489,55.220833333333324,4.649045886041566
1958-01-15,1958-01-15,37.1,-22.291358092614328,55.637499999999996,3.7538580926143332
1958-02-15,1958-02-15,44.5,-15.767766543318553,56.195833333333326,4.071933209985227
1958-03-15,1958-03-15,43.5,-8.032907388388976,56.324999999999996,-4.79209261161102
1958-04-15,1958-04-15,51.3,-0.5646562146800542,56.3375,-4.472843785319947
1958-05-15,1958-05-15,68.1,8.33974519377065,56.5,3.2602548062293444
1958-06-15,1958-06-15,73.9,15.869909513019477,56.37083333333333,1.6592571536471983
1958-07-15,1958-07-15,81.2,23.31002509074509,56.020833333333336,1.869141575921578
1958-08-15,1958-08-15,79.4,21.74434222037472,55.43333333333332,2.222324446291964
1958-09-15,1958-09-15,65.6,12.75823110926361,55.12500000000001,-2.283231109263623
1958-10-15,1958-10-15,54.4,-0.4063815667927299,55.3125,-0.5061184332072715
1958-11-15,1958-11-15,40.6,-13.589304102003997,54.99166666666666,-0.802362564662662
1958-12-15,1958-12-15,35.2,-21.36987921937489,54.329166666666666,2.240712552708228
1959-01-15,1959-01-15,32.0,-22.291358092614328,53.9625,0.32885809261432897
1959-02-15,1959-02-15,35.5,-15.767766543318553,53.5,-2.2322334566814472
1959-03-15,1959-03-15,45.1,-8.032907388388976,53.05833333333334,0.07457405505564019
1959-04-15,1959-04-15,54.2,-0.5646562146800542,52.89166666666667,1.8729895480133842
1959-05-15,1959-05-15,57.5,8.33974519377065,52.67916666666667,-3.518911860437317
1959-06-15,1959-06-15,68.6,15.869909513019477,52.420833333333334,0.30925715364718265
1959-07-15,1959-07-15,77.7,23.31002509074509,51.97083333333333,2.419141575921582
1959-08-15,1959-08-15,71.8,21.74434222037472,51.6875,-1.6318422203747218
1959-09-15,1959-09-15,62.6,12.75823110926361,51.76666666666667,-1.9248977759302814
1959-10-15,1959-10-15,53.4,-0.4063815667927299,51.7,2.1063815667927255
1959-11-15,1959-11-15,36.5,-13.589304102003997,51.675000000000004,-1.5856958979960076
1959-12-15,1959-12-15,33.1,-21.36987921937489,51.77916666666667,2.6907125527082236
1960-01-15,1960-01-15,23.3,-22.291358092614328,52.012499999999996,-6.4211419073856675
1960-02-15,1960-02-15,37.4,-15.767766543318553,52.166666666666664,1.001099876651887
1960-03-15,1960-03-15,45.1,-8.032907388388976,52.362500000000004,0.770407388388973
1960-04-15,1960-04-15,52.6,-0.5646562146800542,52.62083333333333,0.5438228813467256
1960-05-15,1960-05-15,58.5,8.33974519377065,52.8625,-2.702245193770647
1960-06-15,1960-06-15,70.1,15.869909513019477,52.887499999999996,1.3425904869805212
1960-07-15,1960-07-15,81.8,23.31002509074509,53.204166666666666,5.285808242588242
1960-08-15,1960-08-15,71.4,21.74434222037472,53.95416666666666,-4.298508887041372
1960-09-15,1960-09-15,67.7,12.75823110926361,54.258333333333326,0.683435557403067
1960-10-15,1960-10-15,54.5,-0.4063815667927299,54.28749999999999,0.6188815667927428
1960-11-15,1960-11-15,41.2,-13.589304102003997,54.33749999999999,0.451804102004008
1960-12-15,1960-12-15,29.0,-21.36987921937489,54.5625,-4.192620780625109
1961-01-15,1961-01-15,35.0,-22.291358092614328,54.625,2.6663580926143275
1961-02-15,1961-02-15,43.7,-15.767766543318553,54.89166666666667,4.576099876651883
1961-03-15,1961-03-15,46.1,-8.032907388388976,55.09583333333333,-0.9629259449443541
1961-04-15,1961-04-15,52.3,-0.5646562146800542,54.81249999999999,-1.9478437853199415
1961-05-15,1961-05-15,60.0,8.33974519377065,54.445833333333326,-2.7855785271039757
1961-06-15,1961-06-15,74.0,15.869909513019477,54.39583333333333,3.734257153647194
1961-07-15,1961-07-15,79.4,23.31002509074509,54.37499999999999,1.7149749092549236
1961-08-15,1961-08-15,80.2,21.74434222037472,53.86249999999999,4.593157779625294
1961-09-15,1961-09-15,63.8,12.75823110926361,53.42083333333333,-2.37906444259694
1961-10-15,1961-10-15,51.6,-0.4063815667927299,53.412499999999994,-1.406118433207263
1961-11-15,1961-11-15,35.3,-13.589304102003997,53.420833333333334,-4.5315292313293405
1961-12-15,1961-12-15,33.7,-21.36987921937489,53.05416666666666,2.0157125527082336
1962-01-15,1962-01-15,29.8,-22.291358092614328,52.675000000000004,-0.583641907385676
1962-02-15,1962-02-15,36.6,-15.767766543318553,52.1875,0.18026654331855418
1962-03-15,1962-03-15,42.6,-8.032907388388976,51.97916666666667,-1.346259278277694
1962-04-15,1962-04-15,55.6,-0.5646562146800542,52.15833333333333,4.006322881346724
1962-05-15,1962-05-15,56.9,8.33974519377065,52.52916666666667,-3.96891186043732
1962-06-15,1962-06-15,68.3,15.869909513019477,52.9875,-0.5574095130194774
1962-07-15,1962-07-15,76.0,23.31002509074509,52.93333333333333,-0.24335842407841923
1962-08-15,1962-08-15,71.9,21.74434222037472,52.82083333333333,-2.665175553708046
1962-09-15,1962-09-15,67.1,12.75823110926361,53.050000000000004,1.29176889073638
1962-10-15,1962-10-15,52.6,-0.4063815667927299,52.966666666666676,0.03971490012605566
1962-11-15,1962-11-15,43.2,-13.589304102003997,52.925000000000004,3.864304102003995
1962-12-15,1962-12-15,36.8,-21.36987921937489,53.170833333333334,4.999045886041554
1963-01-15,1963-01-15,25.4,-22.291358092614328,53.06666666666666,-5.375308574052337
1963-02-15,1963-02-15,38.3,-15.767766543318553,53.074999999999996,0.9927665433185542
1963-03-15,1963-03-15,46.4,-8.032907388388976,53.4,1.0329073883889759
1963-04-15,1963-04-15,49.8,-0.5646562146800542,53.70833333333332,-3.34367711865327
1963-05-15,1963-05-15,61.7,8.33974519377065,53.83333333333332,-0.4730785271039686
1963-06-15,1963-06-15,69.4,15.869909513019477,53.541666666666664,-0.011576179686136001
1963-07-15,1963-07-15,72.4,23.31002509074509,53.69166666666666,-4.601691757411746
1963-08-15,1963-08-15,75.7,21.74434222037472,54.10833333333333,-0.1526755537080433
1963-09-15,1963-09-15,71.1,12.75823110926361,53.99166666666666,4.350102224069724
1963-10-15,1963-10-15,56.0,-0.4063815667927299,53.9,2.506381566792731
1963-11-15,1963-11-15,42.8,-13.589304102003997,53.833333333333314,2.5559707686706794
1963-12-15,1963-12-15,30.2,-21.36987921937489,53.67916666666666,-2.10928744729177
1964-01-15,1964-01-15,35.6,-22.291358092614328,53.695833333333326,4.195524759281003
1964-02-15,1964-02-15,38.1,-15.767766543318553,53.5375,0.33026654331855276
1964-03-15,1964-03-15,43.8,-8.032907388388976,52.954166666666666,-1.1212592782776927
1964-04-15,1964-04-15,50.2,-0.5646562146800542,52.50416666666666,-1.7395104519866058
1964-05-15,1964-05-15,59.7,8.33974519377065,52.2,-0.8397451937706499
1964-06-15,1964-06-15,67.7,15.869909513019477,51.8125,0.017590486980525455
1964-07-15,1964-07-15,74.5,23.31002509074509,51.47916666666667,-0.2891917574117606
1964-08-15,1964-08-15,69.8,21.74434222037472,51.44166666666666,-3.3860088870413847
1964-09-15,1964-09-15,63.0,12.75823110926361,51.50416666666667,-1.26239777593028
1964-10-15,1964-10-15,53.3,-0.4063815667927299,51.65833333333333,2.0480482334593955
1964-11-15,1964-11-15,38.2,-13.589304102003997,51.88333333333333,-0.09402923132933338
1964-12-15,1964-12-15,25.5,-21.36987921937489,51.98333333333333,-5.113454113958436
1965-01-15,1965-01-15,32.3,-22.291358092614328,52.133333333333326,2.458024759280999
1965-02-15,1965-02-15,40.5,-15.767766543318553,52.42083333333332,3.8469332099852327
1965-03-15,1965-03-15,42.9,-8.032907388388976,52.6,-1.667092611611027
1965-04-15,1965-04-15,54.8,-0.5646562146800542,52.733333333333334,2.6313228813467173
1965-05-15,1965-05-15,60.5,8.33974519377065,53.095833333333324,-0.9355785271039743
1965-06-15,1965-06-15,69.3,15.869909513019477,53.612500000000004,-0.1824095130194845
1965-07-15,1965-07-15,76.5,23.31002509074509,53.99583333333332,-0.8058584240784121
1965-08-15,1965-08-15,74.7,21.74434222037472,54.041666666666664,-1.0860088870413804
1965-09-15,1965-09-15,62.4,12.75823110926361,54.12083333333334,-4.479064442596949
1965-10-15,1965-10-15,57.1,-0.4063815667927299,54.21666666666667,3.2897149001260626
1965-11-15,1965-11-15,43.1,-13.589304102003997,54.32083333333333,2.368470768670665
1965-12-15,1965-12-15,33.0,-21.36987921937489,54.333333333333336,0.036545886041555065
1966-01-15,1966-01-15,34.0,-22.291358092614328,54.099999999999994,2.1913580926143332
1966-02-15,1966-02-15,39.9,-15.767766543318553,54.00416666666666,1.6635998766518885
1966-03-15,1966-03-15,45.4,-8.032907388388976,54.30833333333334,-0.8754259449443627
1966-04-15,1966-04-15,54.6,-0.5646562146800542,54.420833333333334,0.7438228813467214
1966-05-15,1966-05-15,63.2,8.33974519377065,54.291666666666664,0.5685881395626886
1966-06-15,1966-06-15,66.9,15.869909513019477,54.53333333333333,-3.503242846352803
1966-07-15,1966-07-15,73.3,23.31002509074509,54.99166666666666,-5.001691757411752
1966-08-15,1966-08-15,75.6,21.74434222037472,55.39166666666666,-1.5360088870413833
1966-09-15,1966-09-15,68.8,12.75823110926361,55.50416666666666,0.5376022240697242
1966-10-15,1966-10-15,53.4,-0.4063815667927299,55.16666666666666,-1.3602850998739286
1966-11-15,1966-11-15,43.7,-13.589304102003997,54.762499999999996,2.5268041020040037
1966-12-15,1966-12-15,38.2,-21.36987921937489,54.883333333333326,4.686545886041568
1967-01-15,1967-01-15,39.8,-22.291358092614328,55.337499999999984,6.75385809261434
1967-02-15,1967-02-15,43.7,-15.767766543318553,55.80416666666666,3.6635998766518956
1967-03-15,1967-03-15,44.3,-8.032907388388976,56.17499999999999,-3.842092611611017
1967-04-15,1967-04-15,47.6,-0.5646562146800542,56.37083333333332,-8.206177118653267
1967-05-15,1967-05-15,60.5,8.33974519377065,56.34999999999999,-4.189745193770637
1967-06-15,1967-06-15,72.5,15.869909513019477,56.045833333333334,0.5842571536471883
1967-07-15,1967-07-15,78.6,23.31002509074509,55.662499999999994,-0.3725250907450892
1967-08-15,1967-08-15,81.5,21.74434222037472,55.4125,4.34315777962528
1967-09-15,1967-09-15,71.8,12.75823110926361,55.52916666666667,3.5126022240697186
1967-10-15,1967-10-15,55.1,-0.4063815667927299,55.87916666666668,-0.37278509987394576
1967-11-15,1967-11-15,41.5,-13.589304102003997,56.112500000000004,-1.0231958979960076
1967-12-15,1967-12-15,33.1,-21.36987921937489,56.079166666666666,-1.6092874472917735
1968-01-15,1968-01-15,35.7,-22.291358092614328,56.012499999999996,1.9788580926143347
1968-02-15,1968-02-15,41.8,-15.767766543318553,55.64166666666666,1.9260998766518913
1968-03-15,1968-03-15,49.0,-8.032907388388976,55.01666666666666,2.0162407217223173
1968-04-15,1968-04-15,51.3,-0.5646562146800542,54.608333333333334,-2.7436771186532827
1968-05-15,1968-05-15,62.4,8.33974519377065,54.41666666666666,-0.35641186043730855
1968-06-15,1968-06-15,69.8,15.869909513019477,54.320833333333326,-0.390742846352806
1968-07-15,1968-07-15,79.7,23.31002509074509,53.55416666666667,2.8358082425882465
1968-08-15,1968-08-15,71.5,21.74434222037472,52.470833333333324,-2.7151755537080433
1968-09-15,1968-09-15,66.8,12.75823110926361,51.91666666666666,2.12510222406973
1968-10-15,1968-10-15,50.3,-0.4063815667927299,51.820833333333326,-1.1144517665405986
1968-11-15,1968-11-15,41.7,-13.589304102003997,51.95,3.3393041020039966
1968-12-15,1968-12-15,30.6,-21.36987921937489,52.2625,-0.29262078062511065
1969-01-15,1969-01-15,19.8,-22.291358092614328,52.329166666666666,-10.237808574052341
1969-02-15,1969-02-15,31.7,-15.767766543318553,52.229166666666664,-4.761400123348112
1969-03-15,1969-03-15,45.8,-8.032907388388976,52.30833333333334,1.524574055055636
1969-04-15,1969-04-15,52.2,-0.5646562146800542,52.362500000000004,0.4021562146800528
1969-05-15,1969-05-15,64.6,8.33974519377065,52.32916666666666,3.9310881395626858
1969-06-15,1969-06-15,75.1,15.869909513019477,52.43333333333334,6.79675715364718
1969-07-15,1969-07-15,76.0,23.31002509074509,53.05416666666667,-0.36419175741175636
1969-08-15,1969-08-15,72.8,21.74434222037472,53.87916666666666,-2.8235088870413847
1969-09-15,1969-09-15,67.4,12.75823110926361,54.21666666666666,0.4251022240697342
1969-10-15,1969-10-15,51.0,-0.4063815667927299,54.04999999999999,-2.6436184332072603
1969-11-15,1969-11-15,40.2,-13.589304102003997,53.787499999999994,0.0018041020040051592
1969-12-15,1969-12-15,34.6,-21.36987921937489,53.59583333333333,2.3740458860415607
1970-01-15,1970-01-15,30.7,-22.291358092614328,53.64166666666667,-0.650308574052346
1970-02-15,1970-02-15,40.6,-15.767766543318553,53.89583333333333,2.4719332099852256
1970-03-15,1970-03-15,45.0,-8.032907388388976,53.80833333333333,-0.7754259449443541
1970-04-15,1970-04-15,49.0,-0.5646562146800542,53.570833333333326,-4.006177118653271
1970-05-15,1970-05-15,61.5,8.33974519377065,53.545833333333334,-0.3855785271039842
1970-06-15,1970-06-15,73.6,15.869909513019477,53.36666666666666,4.363423820313857
1970-07-15,1970-07-15,78.6,23.31002509074509,53.42083333333333,1.869141575921578
1970-08-15,1970-08-15,76.3,21.74434222037472,53.57083333333333,0.9848244462919453
1970-09-15,1970-09-15,61.8,12.75823110926361,53.329166666666666,-4.287397775930279
1970-10-15,1970-10-15,50.9,-0.4063815667927299,53.27499999999999,-1.968618433207263
1970-11-15,1970-11-15,39.7,-13.589304102003997,53.504166666666656,-0.2148625646626563
1970-12-15,1970-12-15,30.8,-21.36987921937489,53.262499999999996,-1.0926207806251043
1971-01-15,1971-01-15,35.8,-22.291358092614328,52.920833333333334,5.17052475928099
1971-02-15,1971-02-15,39.1,-15.767766543318553,53.1,1.7677665433185528
1971-03-15,1971-03-15,40.7,-8.032907388388976,53.262499999999996,-4.529592611611017
1971-04-15,1971-04-15,52.0,-0.5646562146800542,53.28333333333334,-0.7186771186532843
1971-05-15,1971-05-15,64.0,8.33974519377065,53.345833333333324,2.3144214728960257
1971-06-15,1971-06-15,65.3,15.869909513019477,53.36666666666666,-3.9365761796861403
1971-07-15,1971-07-15,78.7,23.31002509074509,53.1375,2.252474909254911
1971-08-15,1971-08-15,80.5,21.74434222037472,52.7375,6.018157779625284
1971-09-15,1971-09-15,61.5,12.75823110926361,52.820833333333326,-4.079064442596936
1971-10-15,1971-10-15,51.7,-0.4063815667927299,52.98333333333332,-0.8769517665405873
1971-11-15,1971-11-15,40.4,-13.589304102003997,52.89583333333332,1.0934707686706737
1971-12-15,1971-12-15,30.6,-21.36987921937489,53.09166666666667,-1.1217874472917764
1972-01-15,1972-01-15,30.5,-22.291358092614328,53.170833333333334,-0.37947524071900673
1972-02-15,1972-02-15,34.8,-15.767766543318553,52.94583333333333,-2.378066790014783
1972-03-15,1972-03-15,47.0,-8.032907388388976,52.82083333333334,2.212074055055636
1972-04-15,1972-04-15,49.6,-0.5646562146800542,52.841666666666676,-2.67701045198662
1972-05-15,1972-05-15,64.3,8.33974519377065,52.84583333333333,3.114421472896016
1972-06-15,1972-06-15,69.7,15.869909513019477,52.68750000000001,1.1425904869805183
1972-07-15,1972-07-15,76.2,23.31002509074509,52.49166666666667,0.3983082425882465
1972-08-15,1972-08-15,77.6,21.74434222037472,52.5875,3.2681577796252768
1972-09-15,1972-09-15,61.4,12.75823110926361,52.75833333333333,-4.116564442596944
1972-10-15,1972-10-15,52.3,-0.4063815667927299,52.94166666666667,-0.23528509987394292
1972-11-15,1972-11-15,39.9,-13.589304102003997,53.05833333333334,0.4309707686706581
1972-12-15,1972-12-15,27.3,-21.36987921937489,52.96666666666667,-4.296787447291777
1973-01-15,1973-01-15,29.1,-22.291358092614328,53.00833333333333,-1.616975240719004
1973-02-15,1973-02-15,38.5,-15.767766543318553,52.93749999999999,1.3302665433185599
1973-03-15,1973-03-15,47.4,-8.032907388388976,52.96249999999999,2.470407388388983
1973-04-15,1973-04-15,53.6,-0.5646562146800542,53.14583333333333,1.018822881346727
1973-05-15,1973-05-15,63.1,8.33974519377065,53.0875,1.672754806229353
1973-06-15,1973-06-15,68.7,15.869909513019477,53.475,-0.644909513019476
1973-07-15,1973-07-15,78.2,23.31002509074509,53.9375,0.9524749092549136
1973-08-15,1973-08-15,73.9,21.74434222037472,54.05,-1.8943422203747105
1973-09-15,1973-09-15,65.7,12.75823110926361,54.05833333333333,-1.1165644425969372
1973-10-15,1973-10-15,52.4,-0.4063815667927299,53.9375,-1.1311184332072715
1973-11-15,1973-11-15,38.4,-13.589304102003997,53.69166666666667,-1.7023625646626748
1973-12-15,1973-12-15,38.1,-21.36987921937489,53.637499999999996,5.8323792193748965
1974-01-15,1974-01-15,29.4,-22.291358092614328,53.64583333333332,-1.9544752407189954
1974-02-15,1974-02-15,40.9,-15.767766543318553,53.55833333333334,3.109433209985214
1974-03-15,1974-03-15,45.2,-8.032907388388976,53.720833333333324,-0.4879259449443456
1974-04-15,1974-04-15,52.9,-0.5646562146800542,53.82083333333333,-0.35617711865328006
1974-05-15,1974-05-15,57.9,8.33974519377065,53.95833333333333,-4.39807852710398
1974-06-15,1974-06-15,72.6,15.869909513019477,54.012499999999996,2.717590486980521
1974-07-15,1974-07-15,74.5,23.31002509074509,54.06249999999999,-2.872525090745082
1974-08-15,1974-08-15,75.5,21.74434222037472,53.891666666666666,-0.1360088870413847
1974-09-15,1974-09-15,68.0,12.75823110926361,53.479166666666664,1.7626022240697257
1974-10-15,1974-10-15,52.5,-0.4063815667927299,53.170833333333334,-0.26445176654060437
1974-11-15,1974-11-15,41.6,-13.589304102003997,53.070833333333326,2.1184707686706723
1974-12-15,1974-12-15,36.2,-21.36987921937489,52.941666666666656,4.628212552708238
1975-01-15,1975-01-15,32.5,-22.291358092614328,52.925,1.8663580926143304
1975-02-15,1975-02-15,33.7,-15.767766543318553,52.94583333333334,-3.4780667900147844
1975-03-15,1975-03-15,42.5,-8.032907388388976,52.75833333333333,-2.225425944944357
1975-04-15,1975-04-15,48.2,-0.5646562146800542,52.758333333333326,-3.9936771186532685
1975-05-15,1975-05-15,60.2,8.33974519377065,52.67083333333333,-0.8105785271039743
1975-06-15,1975-06-15,67.2,15.869909513019477,52.51249999999999,-1.1824095130194632
1975-07-15,1975-07-15,79.5,23.31002509074509,52.42083333333333,3.7691415759215836
1975-08-15,1975-08-15,71.0,21.74434222037472,52.56249999999999,-3.306842220374712
1975-09-15,1975-09-15,68.0,12.75823110926361,52.67916666666666,2.56260222406973
1975-10-15,1975-10-15,52.5,-0.4063815667927299,52.74166666666666,0.16471490012606987
1975-11-15,1975-11-15,39.5,-13.589304102003997,52.8625,0.22680410200399947
1975-12-15,1975-12-15,34.5,-21.36987921937489,52.80833333333334,3.0615458860415536
1976-01-15,1976-01-15,32.0,-22.291358092614328,52.55833333333334,1.7330247592809904
1976-02-15,1976-02-15,37.6,-15.767766543318553,52.36666666666667,1.001099876651887
1976-03-15,1976-03-15,41.4,-8.032907388388976,52.4,-2.967092611611024
1976-04-15,1976-04-15,50.8,-0.5646562146800542,52.43749999999999,-1.0728437853199415
1976-05-15,1976-05-15,60.5,8.33974519377065,52.479166666666664,-0.31891186043731423
1976-06-15,1976-06-15,65.6,15.869909513019477,52.36666666666667,-2.63657617968615
1976-07-15,1976-07-15,75.1,23.31002509074509,51.92499999999999,-0.13502509074508495
1976-08-15,1976-08-15,70.8,21.74434222037472,51.762499999999996,-2.7068422203747176
1976-09-15,1976-09-15,69.0,12.75823110926361,52.05,4.191768890736393
1976-10-15,1976-10-15,52.4,-0.4063815667927299,52.4875,0.31888156679273133
1976-11-15,1976-11-15,40.6,-13.589304102003997,52.60833333333333,1.5809707686706709
1976-12-15,1976-12-15,30.7,-21.36987921937489,52.74999999999999,-0.6801207806251028
1977-01-15,1977-01-15,25.2,-22.291358092614328,52.98333333333333,-5.491975240719
1977-02-15,1977-02-15,40.5,-15.767766543318553,53.27499999999999,2.9927665433185613
1977-03-15,1977-03-15,45.4,-8.032907388388976,53.31249999999999,0.12040738838898157
1977-04-15,1977-04-15,57.3,-0.5646562146800542,52.98333333333333,4.881322881346724
1977-05-15,1977-05-15,56.9,8.33974519377065,52.89583333333333,-4.33557852710398
1977-06-15,1977-06-15,72.6,15.869909513019477,52.954166666666666,3.775923820313851
1977-07-15,1977-07-15,73.7,23.31002509074509,53.387499999999996,-2.997525090745082
1977-08-15,1977-08-15,79.2,21.74434222037472,53.583333333333336,3.872324446291948
1977-09-15,1977-09-15,61.5,12.75823110926361,53.5625,-4.82073110926361
1977-10-15,1977-10-15,52.0,-0.4063815667927299,53.425000000000004,-1.0186184332072743
1977-11-15,1977-11-15,38.9,-13.589304102003997,53.27083333333333,-0.7815292313293334
1977-12-15,1977-12-15,33.8,-21.36987921937489,53.24583333333334,1.9240458860415508
1978-01-15,1978-01-15,32.5,-22.291358092614328,53.23333333333334,1.5580247592809862
1978-02-15,1978-02-15,37.9,-15.767766543318553,53.045833333333334,0.6219332099852171
1978-03-15,1978-03-15,47.5,-8.032907388388976,52.87083333333334,2.6620740550556388
1978-04-15,1978-04-15,51.9,-0.5646562146800542,52.974999999999994,-0.5103437853199415
1978-05-15,1978-05-15,58.6,8.33974519377065,52.708333333333336,-2.448078527103984
1978-06-15,1978-06-15,70.3,15.869909513019477,52.17083333333334,2.2592571536471784
1978-07-15,1978-07-15,75.7,23.31002509074509,51.13333333333333,1.2566415759215808
1978-08-15,1978-08-15,72.7,21.74434222037472,50.20416666666666,0.7514911129586253
1978-09-15,1978-09-15,63.8,12.75823110926361,50.008333333333326,1.0334355574030614
1978-10-15,1978-10-15,52.2,-0.4063815667927299,50.00416666666666,2.6022149001260697
1978-11-15,1978-11-15,32.3,-13.589304102003997,50.27083333333332,-4.381529231329328
1978-12-15,1978-12-15,27.5,-21.36987921937489,50.520833333333336,-1.650954113958445
1979-01-15,1979-01-15,13.9,-22.291358092614328,50.60416666666667,-14.412808574052345
1979-02-15,1979-02-15,34.2,-15.767766543318553,50.74583333333334,-0.7780667900147815
1979-03-15,1979-03-15,46.5,-8.032907388388976,51.050000000000004,3.4829073883889716
1979-04-15,1979-04-15,52.8,-0.5646562146800542,51.45416666666666,1.9104895480133928
1979-05-15,1979-05-15,64.1,8.33974519377065,51.7125,4.047754806229346
1979-06-15,1979-06-15,70.8,15.869909513019477,52.1625,2.7675904869805183
1979-07-15,1979-07-15,77.2,23.31002509074509,52.94166666666666,0.9483082425882507
1979-08-15,1979-08-15,74.6,21.74434222037472,53.36666666666667,-0.5110088870413918
1979-09-15,1979-09-15,69.2,12.75823110926361,53.3,3.1417688907363956
1979-10-15,1979-10-15,56.5,-0.4063815667927299,53.31666666666666,3.589714900126067
1979-11-15,1979-11-15,34.2,-13.589304102003997,53.30416666666666,-5.514862564662661
1979-12-15,1979-12-15,36.4,-21.36987921937489,52.9375,4.832379219374889
1980-01-15,1980-01-15,23.7,-22.291358092614328,52.579166666666666,-6.587808574052339
1980-02-15,1980-02-15,34.6,-15.767766543318553,52.333333333333336,-1.9655667900147815
1980-03-15,1980-03-15,44.5,-8.032907388388976,52.05833333333334,0.47457405505563877
1980-04-15,1980-04-15,55.2,-0.5646562146800542,51.7625,4.0021562146800544
1980-05-15,1980-05-15,61.4,8.33974519377065,51.88333333333334,1.1769214728960087
1980-06-15,1980-06-15,64.7,15.869909513019477,52.17499999999999,-3.3449095130194646
1980-07-15,1980-07-15,74.7,23.31002509074509,52.77916666666666,-1.3891917574117478
1980-08-15,1980-08-15,71.2,21.74434222037472,53.5875,-4.131842220374715
1980-09-15,1980-09-15,66.0,12.75823110926361,53.974999999999994,-0.7332311092636044
1980-10-15,1980-10-15,52.6,-0.4063815667927299,54.099999999999994,-1.093618433207263
1980-11-15,1980-11-15,41.0,-13.589304102003997,54.012499999999996,0.5768041020040009
1980-12-15,1980-12-15,36.6,-21.36987921937489,54.02916666666666,3.9407125527082307
1981-01-15,1981-01-15,38.0,-22.291358092614328,54.050000000000004,6.241358092614323
1981-02-15,1981-02-15,39.7,-15.767766543318553,54.34166666666666,1.1260998766518941
1981-03-15,1981-03-15,48.7,-8.032907388388976,54.67916666666667,2.0537407217223116
1981-04-15,1981-04-15,54.0,-0.5646562146800542,54.66666666666666,-0.10201045198660297
1981-05-15,1981-05-15,60.5,8.33974519377065,54.7125,-2.5522451937706485
1981-06-15,1981-06-15,66.0,15.869909513019477,54.62500000000001,-4.4949095130194845
1981-07-15,1981-07-15,73.9,23.31002509074509,54.12500000000001,-3.5350250907450906
1981-08-15,1981-08-15,79.0,21.74434222037472,53.716666666666676,3.5389911129586054
1981-09-15,1981-09-15,66.3,12.75823110926361,53.53333333333334,0.008435557403048577
1981-10-15,1981-10-15,52.0,-0.4063815667927299,53.225,-0.8186184332072715
1981-11-15,1981-11-15,42.7,-13.589304102003997,53.02916666666666,3.260137435337338
1981-12-15,1981-12-15,32.8,-21.36987921937489,53.32083333333333,0.8490458860415551
1982-01-15,1982-01-15,29.8,-22.291358092614328,53.65833333333333,-1.5669752407190032
1982-02-15,1982-02-15,38.1,-15.767766543318553,53.56666666666666,0.3010998766518913
1982-03-15,1982-03-15,45.9,-8.032907388388976,53.395833333333336,0.5370740550556388
1982-04-15,1982-04-15,49.4,-0.5646562146800542,53.33333333333334,-3.36867711865329
1982-05-15,1982-05-15,60.4,8.33974519377065,53.066666666666656,-1.0064118604373071
1982-06-15,1982-06-15,73.1,15.869909513019477,52.791666666666664,4.438423820313853
1982-07-15,1982-07-15,74.9,23.31002509074509,53.079166666666666,-1.4891917574117493
1982-08-15,1982-08-15,75.8,21.74434222037472,53.516666666666666,0.5389911129586125
1982-09-15,1982-09-15,65.4,12.75823110926361,53.74166666666667,-1.0998977759302715
1982-10-15,1982-10-15,51.4,-0.4063815667927299,53.920833333333334,-2.114451766540606
1982-11-15,1982-11-15,36.9,-13.589304102003997,54.133333333333326,-3.6440292313293305
1982-12-15,1982-12-15,32.0,-21.36987921937489,53.95416666666666,-0.5842874472917678
1983-01-15,1983-01-15,37.5,-22.291358092614328,53.483333333333334,6.308024759280993
1983-02-15,1983-02-15,40.9,-15.767766543318553,53.275,3.3927665433185528
1983-03-15,1983-03-15,48.5,-8.032907388388976,53.06249999999999,3.470407388388983
1983-04-15,1983-04-15,51.1,-0.5646562146800542,52.95833333333333,-1.293677118653273
1983-05-15,1983-05-15,63.8,8.33974519377065,53.28750000000001,2.1727548062293387
1983-06-15,1983-06-15,65.4,15.869909513019477,53.11666666666667,-3.586576179686139
1983-07-15,1983-07-15,71.3,23.31002509074509,52.420833333333334,-4.430858424078426
1983-08-15,1983-08-15,74.4,21.74434222037472,52.08333333333333,0.5723244462919581
1983-09-15,1983-09-15,61.7,12.75823110926361,51.9375,-2.995731109263607
1983-10-15,1983-10-15,52.6,-0.4063815667927299,51.85833333333333,1.1480482334594042
1983-11-15,1983-11-15,43.6,-13.589304102003997,51.50833333333334,5.680970768670658
1983-12-15,1983-12-15,21.2,-21.36987921937489,51.195833333333326,-8.625954113958436
1984-01-15,1984-01-15,31.6,-22.291358092614328,51.40833333333334,2.4830247592809904
1984-02-15,1984-02-15,38.7,-15.767766543318553,51.59166666666667,2.876099876651887
1984-03-15,1984-03-15,47.2,-8.032907388388976,51.59166666666666,3.6412407217223173
1984-04-15,1984-04-15,50.5,-0.5646562146800542,51.412499999999994,-0.3478437853199401
1984-05-15,1984-05-15,56.0,8.33974519377065,51.041666666666664,-3.3814118604373142
1984-06-15,1984-06-15,65.7,15.869909513019477,50.96666666666666,-1.136576179686136
1984-07-15,1984-07-15,76.1,23.31002509074509,50.791666666666664,1.9983082425882408
1984-08-15,1984-08-15,74.0,21.74434222037472,50.14999999999999,2.1056577796252895
1984-09-15,1984-09-15,62.1,12.75823110926361,49.65,-0.3082311092636072
1984-10-15,1984-10-15,47.9,-0.4063815667927299,49.724999999999994,-1.4186184332072658
1984-11-15,1984-11-15,39.4,-13.589304102003997,50.233333333333334,2.755970768670661
1984-12-15,1984-12-15,23.6,-21.36987921937489,50.720833333333324,-5.750954113958432
1985-01-15,1985-01-15,25.0,-22.291358092614328,51.1625,-3.871141907385674
1985-02-15,1985-02-15,29.9,-15.767766543318553,51.270833333333336,-5.603066790014784
1985-03-15,1985-03-15,44.0,-8.032907388388976,50.987500000000004,1.0454073883889716
1985-04-15,1985-04-15,55.5,-0.5646562146800542,50.92916666666667,5.135489548013387
1985-05-15,1985-05-15,63.2,8.33974519377065,50.4,4.460254806229354
1985-06-15,1985-06-15,70.2,15.869909513019477,49.68333333333334,4.646757153647188
1985-07-15,1985-07-15,82.2,23.31002509074509,49.949999999999996,8.939974909254918
1985-08-15,1985-08-15,70.5,21.74434222037472,50.70833333333334,-1.9526755537080618
1985-09-15,1985-09-15,58.8,12.75823110926361,51.283333333333324,-5.241564442596937
1985-10-15,1985-10-15,49.8,-0.4063815667927299,51.283333333333324,-1.0769517665405972
1985-11-15,1985-11-15,24.8,-13.589304102003997,51.05416666666666,-12.664862564662663
1985-12-15,1985-12-15,21.0,-21.36987921937489,51.13333333333332,-8.763454113958428
1986-01-15,1986-01-15,34.0,-22.291358092614328,50.766666666666666,5.524691425947662
1986-02-15,1986-02-15,39.1,-15.767766543318553,50.64583333333333,4.221933209985226
1986-03-15,1986-03-15,48.6,-8.032907388388976,51.150000000000006,5.482907388388972
1986-04-15,1986-04-15,50.9,-0.5646562146800542,51.49583333333334,-0.03117711865328432
1986-05-15,1986-05-15,62.3,8.33974519377065,52.429166666666674,1.531088139562673
1986-06-15,1986-06-15,73.0,15.869909513019477,53.63333333333334,3.4967571536471826
1986-07-15,1986-07-15,70.6,23.31002509074509,53.97083333333334,-6.680858424078433
1986-08-15,1986-08-15,79.2,21.74434222037472,53.875,3.580657779625284
1986-09-15,1986-09-15,62.2,12.75823110926361,53.90416666666667,-4.462397775930276
1986-10-15,1986-10-15,54.7,-0.4063815667927299,54.18749999999999,0.9188815667927399
1986-11-15,1986-11-15,42.3,-13.589304102003997,54.645833333333336,1.243470768670658
1986-12-15,1986-12-15,32.4,-21.36987921937489,54.825,-1.0551207806251135
1987-01-15,1987-01-15,30.7,-22.291358092614328,54.99583333333333,-2.004475240719003
1987-02-15,1987-02-15,40.1,-15.767766543318553,55.04166666666666,0.826099876651897
1987-03-15,1987-03-15,48.3,-8.032907388388976,55.25416666666666,1.0787407217223102
1987-04-15,1987-04-15,58.0,-0.5646562146800542,55.60833333333333,2.9563228813467273
1987-05-15,1987-05-15,66.2,8.33974519377065,55.69583333333334,2.164421472896013
1987-06-15,1987-06-15,73.4,15.869909513019477,55.7125,1.8175904869805297
1987-07-15,1987-07-15,74.3,23.31002509074509,55.725,-4.7350250907450935
1987-08-15,1987-08-15,76.6,21.74434222037472,55.8125,-0.9568422203747247
1987-09-15,1987-09-15,69.9,12.75823110926361,55.75,1.3917688907363956
1987-10-15,1987-10-15,55.5,-0.4063815667927299,55.53333333333333,0.37304823345939847
1987-11-15,1987-11-15,43.6,-13.589304102003997,55.204166666666666,1.9851374353373323
1987-12-15,1987-12-15,31.5,-21.36987921937489,54.81666666666667,-1.9467874472917792
1988-01-15,1988-01-15,31.9,-22.291358092614328,54.766666666666666,-0.5753085740523396
1988-02-15,1988-02-15,41.0,-15.767766543318553,54.833333333333336,1.934433209985217
1988-03-15,1988-03-15,45.9,-8.032907388388976,54.59583333333333,-0.662925944944357
1988-04-15,1988-04-15,55.2,-0.5646562146800542,54.587500000000006,1.1771562146800514
1988-05-15,1988-05-15,61.1,8.33974519377065,54.78333333333333,-2.02307852710398
1988-06-15,1988-06-15,69.2,15.869909513019477,54.82083333333334,-1.4907428463528145
1988-07-15,1988-07-15,77.3,23.31002509074509,55.05416666666667,-1.0641917574117592
1988-08-15,1988-08-15,75.2,21.74434222037472,54.70416666666668,-1.248508887041396
1988-09-15,1988-09-15,65.6,12.75823110926361,54.04583333333334,-1.204064442596957
1988-10-15,1988-10-15,59.6,-0.4063815667927299,54.016666666666666,5.9897149001260654
1988-11-15,1988-11-15,44.2,-13.589304102003997,54.09166666666667,3.697637435337331
1988-12-15,1988-12-15,31.8,-21.36987921937489,54.225,-1.05512078062511
1989-01-15,1989-01-15,37.2,-22.291358092614328,54.26666666666667,5.224691425947658
1989-02-15,1989-02-15,27.3,-15.767766543318553,54.11666666666666,-11.048900123348107
1989-03-15,1989-03-15,43.8,-8.032907388388976,54.11666666666666,-2.283759278277687
1989-04-15,1989-04-15,56.6,-0.5646562146800542,53.95833333333333,3.2063228813467273
1989-05-15,1989-05-15,61.5,8.33974519377065,53.729166666666664,-0.5689118604373142
1989-06-15,1989-06-15,72.0,15.869909513019477,53.795833333333334,2.3342571536471883
1989-07-15,1989-07-15,75.5,23.31002509074509,53.99166666666666,-1.8016917574117493
1989-08-15,1989-08-15,73.4,21.74434222037472,54.55416666666667,-2.8985088870413804
1989-09-15,1989-09-15,67.4,12.75823110926361,55.158333333333324,-0.5165644425969287
1989-10-15,1989-10-15,54.0,-0.4063815667927299,55.3875,-0.9811184332072729
1989-11-15,1989-11-15,44.3,-13.589304102003997,55.40833333333333,2.4809707686706624
1989-12-15,1989-12-15,33.3,-21.36987921937489,55.295833333333334,-0.6259541139584464
1990-01-15,1990-01-15,40.4,-22.291358092614328,55.43750000000001,7.253858092614319
1990-02-15,1990-02-15,37.6,-15.767766543318553,55.80000000000001,-2.432233456681457
1990-03-15,1990-03-15,48.0,-8.032907388388976,56.15,-0.11709261161102269
1990-04-15,1990-04-15,57.9,-0.5646562146800542,56.287499999999994,2.1771562146800587
1990-05-15,1990-05-15,60.7,8.33974519377065,56.30833333333333,-3.948078527103977
1990-06-15,1990-06-15,70.1,15.869909513019477,56.016666666666666,-1.7865761796861488
1990-07-15,1990-07-15,80.8,23.31002509074509,55.14583333333333,2.3441415759215793
1990-08-15,1990-08-15,76.8,21.74434222037472,54.945833333333326,0.10982444629195243
1990-09-15,1990-09-15,72.4,12.75823110926361,55.070833333333326,4.57093555740307
1990-10-15,1990-10-15,52.3,-0.4063815667927299,54.74583333333333,-2.039451766540603
1990-11-15,1990-11-15,46.5,-13.589304102003997,54.57083333333333,5.518470768670664
1990-12-15,1990-12-15,24.1,-21.36987921937489,54.37083333333333,-8.900954113958438
1991-01-15,1991-01-15,28.7,-22.291358092614328,54.06666666666666,-3.075308574052336
1991-02-15,1991-02-15,44.5,-15.767766543318553,54.0375,6.230266543318551
1991-03-15,1991-03-15,44.1,-8.032907388388976,54.0125,-1.8795926116110255
1991-04-15,1991-04-15,54.0,-0.5646562146800542,53.925,0.6396562146800571
1991-05-15,1991-05-15,60.4,8.33974519377065,53.733333333333334,-1.6730785271039856
1991-06-15,1991-06-15,65.6,15.869909513019477,54.087500000000006,-4.357409513019489
1991-07-15,1991-07-15,78.0,23.31002509074509,55.024999999999984,-0.3350250907450736
1991-08-15,1991-08-15,78.9,21.74434222037472,55.312499999999986,1.843157779625301
1991-09-15,1991-09-15,69.7,12.75823110926361,55.54166666666666,1.4001022240697356
1991-10-15,1991-10-15,52.9,-0.4063815667927299,55.93333333333333,-2.6269517665406017
1991-11-15,1991-11-15,41.3,-13.589304102003997,56.29999999999999,-1.4106958979959963
1991-12-15,1991-12-15,37.8,-21.36987921937489,57.05,2.1198792193748908
1992-01-15,1992-01-15,37.5,-22.291358092614328,57.45833333333333,2.333024759280999
1992-02-15,1992-02-15,42.6,-15.767766543318553,57.31666666666666,1.0510998766518913
1992-03-15,1992-03-15,51.5,-8.032907388388976,57.01666666666666,2.5162407217223173
1992-04-15,1992-04-15,56.0,-0.5646562146800542,56.91666666666666,-0.35201045198660297
1992-05-15,1992-05-15,67.2,8.33974519377065,57.02916666666666,1.8310881395626915
1992-06-15,1992-06-15,76.8,15.869909513019477,56.69999999999999,4.230090486980531
1992-07-15,1992-07-15,76.6,23.31002509074509,55.84583333333333,-2.5558584240784263
1992-08-15,1992-08-15,76.9,21.74434222037472,54.82499999999999,0.3306577796252981
1992-09-15,1992-09-15,64.5,12.75823110926361,53.98749999999998,-2.245731109263593
1992-10-15,1992-10-15,55.7,-0.4063815667927299,53.49583333333333,2.6105482334594026
1992-11-15,1992-11-15,41.2,-13.589304102003997,53.320833333333326,1.4684707686706737
1992-12-15,1992-12-15,30.0,-21.36987921937489,52.94166666666667,-1.5717874472917792
1993-01-15,1993-01-15,24.8,-22.291358092614328,52.3375,-5.24614190738567
1993-02-15,1993-02-15,30.8,-15.767766543318553,51.925000000000004,-5.357233456681451
1993-03-15,1993-03-15,43.2,-8.032907388388976,51.84583333333334,-0.6129259449443598
1993-04-15,1993-04-15,52.5,-0.5646562146800542,51.9125,1.1521562146800528
1993-05-15,1993-05-15,66.5,8.33974519377065,51.625,6.53525480622935
1993-06-15,1993-06-15,68.4,15.869909513019477,51.574999999999996,0.9550904869805326
1993-07-15,1993-07-15,70.5,23.31002509074509,52.375,-5.185025090745089
1993-08-15,1993-08-15,73.1,21.74434222037472,53.16666666666667,-1.811008887041396
1993-09-15,1993-09-15,66.4,12.75823110926361,53.63333333333333,0.008435557403062788
1993-10-15,1993-10-15,55.4,-0.4063815667927299,54.12083333333334,1.6855482334593914
1993-11-15,1993-11-15,34.6,-13.589304102003997,54.29166666666667,-6.102362564662673
1993-12-15,1993-12-15,35.4,-21.36987921937489,54.28333333333333,2.486545886041558
1994-01-15,1994-01-15,38.6,-22.291358092614328,54.77916666666667,6.11219142594766
1994-02-15,1994-02-15,36.0,-15.767766543318553,55.3625,-3.5947334566814444
1994-03-15,1994-03-15,49.2,-8.032907388388976,55.67916666666667,1.5537407217223116
1994-04-15,1994-04-15,58.2,-0.5646562146800542,55.80833333333333,2.9563228813467273
1994-05-15,1994-05-15,64.9,8.33974519377065,55.974999999999994,0.5852548062293614
1994-06-15,1994-06-15,69.8,15.869909513019477,56.17083333333332,-2.2407428463528003
1994-07-15,1994-07-15,81.0,23.31002509074509,55.97499999999999,1.7149749092549236
1994-08-15,1994-08-15,76.6,21.74434222037472,56.08749999999999,-1.2318422203747161
1994-09-15,1994-09-15,70.5,12.75823110926361,56.25416666666666,1.487602224069727
1994-10-15,1994-10-15,54.4,-0.4063815667927299,55.891666666666666,-1.0852850998739372
1994-11-15,1994-11-15,39.6,-13.589304102003997,55.641666666666666,-2.4523625646626677
1994-12-15,1994-12-15,35.1,-21.36987921937489,55.55416666666667,0.915712552708225
1995-01-15,1995-01-15,34.2,-22.291358092614328,55.32083333333333,1.1705247592809975
1995-02-15,1995-02-15,43.1,-15.767766543318553,54.96666666666666,3.9010998766518927
1995-03-15,1995-03-15,46.1,-8.032907388388976,54.75,-0.6170926116110227
1995-04-15,1995-04-15,52.6,-0.5646562146800542,54.62916666666666,-1.4645104519866072
1995-05-15,1995-05-15,64.5,8.33974519377065,54.72083333333333,1.4394214728960186
1995-06-15,1995-06-15,68.1,15.869909513019477,54.80416666666667,-2.57407617968615
1995-07-15,1995-07-15,77.1,23.31002509074509,54.475,-0.6850250907450963
1995-08-15,1995-08-15,72.0,21.74434222037472,53.82083333333333,-3.565175553708052
1995-09-15,1995-09-15,69.9,12.75823110926361,53.3375,3.804268890736397
1995-10-15,1995-10-15,52.1,-0.4063815667927299,53.383333333333326,-0.8769517665405944
1995-11-15,1995-11-15,44.1,-13.589304102003997,53.21666666666667,4.4726374353373295
1995-12-15,1995-12-15,32.6,-21.36987921937489,52.987500000000004,0.9823792193748879
1996-01-15,1996-01-15,28.8,-22.291358092614328,53.125,-2.0336419073856717
1996-02-15,1996-02-15,32.8,-15.767766543318553,53.375,-4.80723345668145
1996-03-15,1996-03-15,44.8,-8.032907388388976,53.295833333333334,-0.46292594494436123
1996-04-15,1996-04-15,55.0,-0.5646562146800542,53.07916666666666,2.485489548013396
1996-05-15,1996-05-15,58.1,8.33974519377065,52.854166666666664,-3.093911860437313
1996-06-15,1996-06-15,69.0,15.869909513019477,52.5,0.6300904869805226
1996-07-15,1996-07-15,79.5,23.31002509074509,52.583333333333336,3.606641575921575
1996-08-15,1996-08-15,75.6,21.74434222037472,53.09166666666666,0.7639911129586139
1996-09-15,1996-09-15,64.4,12.75823110926361,53.512499999999996,-1.8707311092636
1996-10-15,1996-10-15,52.4,-0.4063815667927299,53.49166666666667,-0.6852850998739386
1996-11-15,1996-11-15,38.4,-13.589304102003997,53.645833333333336,-1.6565292313293405
1996-12-15,1996-12-15,29.8,-21.36987921937489,53.912499999999994,-2.742620780625103
1997-01-15,1997-01-15,33.6,-22.291358092614328,53.71666666666667,2.1746914259476604
1997-02-15,1997-02-15,40.2,-15.767766543318553,53.641666666666666,2.32609987665189
1997-03-15,1997-03-15,47.5,-8.032907388388976,53.84166666666667,1.6912407217223073
1997-04-15,1997-04-15,51.8,-0.5646562146800542,53.974999999999994,-1.610343785319943
1997-05-15,1997-05-15,65.0,8.33974519377065,54.20833333333333,2.4519214728960215
1997-06-15,1997-06-15,68.5,15.869909513019477,54.6125,-1.9824095130194745
1997-07-15,1997-07-15,75.3,23.31002509074509,54.925,-2.935025090745089
1997-08-15,1997-08-15,78.0,21.74434222037472,55.11666666666666,1.138991112958621
1997-09-15,1997-09-15,66.8,12.75823110926361,55.23749999999999,-1.195731109263603
1997-10-15,1997-10-15,53.2,-0.4063815667927299,55.383333333333326,-1.776951766540593
1997-11-15,1997-11-15,43.2,-13.589304102003997,55.383333333333326,1.4059707686706737
1997-12-15,1997-12-15,34.7,-21.36987921937489,55.37916666666667,0.6907125527082236
1998-01-15,1998-01-15,36.2,-22.291358092614328,55.76249999999999,2.7288580926143418
1998-02-15,1998-02-15,42.2,-15.767766543318553,56.037499999999994,1.9302665433185613
1998-03-15,1998-03-15,48.4,-8.032907388388976,56.20833333333333,0.22457405505564587
1998-04-15,1998-04-15,54.4,-0.5646562146800542,56.349999999999994,-1.3853437853199415
1998-05-15,1998-05-15,62.4,8.33974519377065,56.416666666666664,-2.3564118604373157
1998-06-15,1998-06-15,71.0,15.869909513019477,56.44583333333333,-1.3157428463528102
1998-07-15,1998-07-15,82.0,23.31002509074509,56.46249999999999,2.2274749092549193
1998-08-15,1998-08-15,77.9,21.74434222037472,56.529166666666654,-0.37350888704136764
1998-09-15,1998-09-15,71.0,12.75823110926361,56.420833333333334,1.8209355574030557
1998-10-15,1998-10-15,52.4,-0.4063815667927299,56.1875,-3.3811184332072717
1998-11-15,1998-11-15,45.6,-13.589304102003997,55.854166666666664,3.3351374353373338
1998-12-15,1998-12-15,33.0,-21.36987921937489,55.516666666666666,-1.146787447291775
1999-01-15,1999-01-15,38.3,-22.291358092614328,55.025,5.566358092614326
1999-02-15,1999-02-15,41.7,-15.767766543318553,54.6125,2.8552665433185584
1999-03-15,1999-03-15,46.3,-8.032907388388976,54.29166666666667,0.04124072172230164
1999-04-15,1999-04-15,50.9,-0.5646562146800542,54.01666666666666,-2.5520104519866056
1999-05-15,1999-05-15,57.9,8.33974519377065,54.0,-4.439745193770651
1999-06-15,1999-06-15,67.4,15.869909513019477,54.20416666666666,-2.6740761796861303
1999-07-15,1999-07-15,73.8,23.31002509074509,54.17499999999999,-3.685025090745082
1999-08-15,1999-08-15,76.2,21.74434222037472,53.82499999999998,0.6306577796253023
1999-09-15,1999-09-15,65.0,12.75823110926361,53.633333333333326,-1.3915644425969358
1999-10-15,1999-10-15,51.8,-0.4063815667927299,53.75416666666666,-1.5477850998739358
1999-11-15,1999-11-15,45.8,-13.589304102003997,54.079166666666666,5.310137435337328
1999-12-15,1999-12-15,37.7,-21.36987921937489,54.32083333333333,4.749045886041561
2000-01-15,2000-01-15,32.9,-22.291358092614328,54.49583333333334,0.695524759280989
2000-02-15,2000-02-15,38.7,-15.767766543318553,54.475,-0.007233456681445816
2000-03-15,2000-03-15,44.7,-8.032907388388976,54.324999999999996,-1.592092611611017
2000-04-15,2000-04-15,55.4,-0.5646562146800542,54.27916666666666,1.6854895480133913
2000-05-15,2000-05-15,61.2,8.33974519377065,53.79999999999999,-0.9397451937706371
2000-06-15,2000-06-15,69.9,15.869909513019477,52.979166666666664,1.050923820313864
2000-07-15,2000-07-15,75.5,23.31002509074509,52.670833333333334,-0.4808584240784235
2000-08-15,2000-08-15,74.0,21.74434222037472,52.56666666666666,-0.31100888704138185
2000-09-15,2000-09-15,63.6,12.75823110926361,52.52916666666667,-1.6873977759302772
2000-10-15,2000-10-15,52.1,-0.4063815667927299,52.449999999999996,0.05638156679273559
2000-11-15,2000-11-15,34.0,-13.589304102003997,52.3875,-4.798195897996006
2000-12-15,2000-12-15,29.8,-21.36987921937489,52.35,-1.18012078062511
2001-01-15,2001-01-15,33.4,-22.291358092614328,52.22916666666666,3.462191425947669
2001-02-15,2001-02-15,35.7,-15.767766543318553,52.40416666666667,-0.936400123348113
2001-03-15,2001-03-15,46.8,-8.032907388388976,52.78333333333334,2.0495740550556345
2001-04-15,2001-04-15,51.4,-0.5646562146800542,53.06666666666667,-1.1020104519866172
2001-05-15,2001-05-15,63.7,8.33974519377065,53.491666666666674,1.8685881395626787
2001-06-15,2001-06-15,66.5,15.869909513019477,54.07083333333334,-3.4407428463528174
2001-07-15,2001-07-15,76.0,23.31002509074509,54.458333333333336,-1.768358424078425
2001-08-15,2001-08-15,77.7,21.74434222037472,54.74583333333334,1.2098244462919467
2001-09-15,2001-09-15,69.0,12.75823110926361,54.675000000000004,1.5667688907363857
2001-10-15,2001-10-15,53.5,-0.4063815667927299,54.56666666666667,-0.66028509987394
2001-11-15,2001-11-15,42.8,-13.589304102003997,54.49166666666666,1.8976374353373338
2001-12-15,2001-12-15,34.9,-21.36987921937489,54.55416666666667,1.7157125527082222
2002-01-15,2002-01-15,37.6,-22.291358092614328,54.91666666666667,4.974691425947658
2002-02-15,2002-02-15,38.4,-15.767766543318553,54.975,-0.8072334566814501
2002-03-15,2002-03-15,42.4,-8.032907388388976,54.77083333333333,-4.337925944944354
2002-04-15,2002-04-15,53.2,-0.5646562146800542,54.52916666666666,-0.7645104519866044
2002-05-15,2002-05-15,60.1,8.33974519377065,54.324999999999996,-2.5647451937706442
2002-06-15,2002-06-15,71.6,15.869909513019477,54.345833333333324,1.3842571536471926
2002-07-15,2002-07-15,79.6,23.31002509074509,54.458333333333336,1.8316415759215694
2002-08-15,2002-08-15,75.5,21.74434222037472,54.537499999999994,-0.7818422203747133
2002-09-15,2002-09-15,66.3,12.75823110926361,54.874999999999986,-1.3332311092635987
2002-10-15,2002-10-15,50.4,-0.4063815667927299,55.108333333333334,-4.301951766540606
2002-11-15,2002-11-15,41.0,-13.589304102003997,55.108333333333334,-0.5190292313293376
2002-12-15,2002-12-15,37.2,-21.36987921937489,55.18750000000001,3.3823792193748865
2003-01-15,2003-01-15,38.0,-22.291358092614328,55.25000000000001,5.04135809261432
2003-02-15,2003-02-15,39.9,-15.767766543318553,55.31666666666666,0.35109987665188847
2003-03-15,2003-03-15,49.0,-8.032907388388976,55.479166666666664,1.5537407217223116
2003-04-15,2003-04-15,52.2,-0.5646562146800542,55.891666666666666,-3.1270104519866084
2003-05-15,2003-05-15,61.1,8.33974519377065,56.05,-3.2897451937706457
2003-06-15,2003-06-15,72.5,15.869909513019477,55.7375,0.8925904869805255
2003-07-15,2003-07-15,80.2,23.31002509074509,55.19166666666666,1.6983082425882507
2003-08-15,2003-08-15,76.5,21.74434222037472,54.70416666666665,0.051491112958629515
2003-09-15,2003-09-15,69.2,12.75823110926361,54.6125,1.8292688907363956
2003-10-15,2003-10-15,57.4,-0.4063815667927299,54.75416666666666,3.0522149001260654
2003-11-15,2003-11-15,37.8,-13.589304102003997,54.883333333333326,-3.494029231329332
2003-12-15,2003-12-15,32.9,-21.36987921937489,54.8125,-0.5426207806251107
2004-01-15,2004-01-15,29.2,-22.291358092614328,54.69583333333333,-3.204475240719006
2004-02-15,2004-02-15,37.0,-15.767766543318553,54.724999999999994,-1.9572334566814416
2004-03-15,2004-03-15,49.7,-8.032907388388976,54.604166666666664,3.1287407217223144
2004-04-15,2004-04-15,54.9,-0.5646562146800542,54.30416666666666,1.1604895480133928
2004-05-15,2004-05-15,61.5,8.33974519377065,54.262499999999996,-1.1022451937706457
2004-06-15,2004-06-15,70.4,15.869909513019477,54.46666666666666,0.06342382031386684
2004-07-15,2004-07-15,79.5,23.31002509074509,54.62499999999999,1.564974909254918
2004-08-15,2004-08-15,77.9,21.74434222037472,54.69166666666667,1.4639911129586167
2004-09-15,2004-09-15,64.9,12.75823110926361,54.69166666666667,-2.5498977759302743
2004-10-15,2004-10-15,54.5,-0.4063815667927299,54.60416666666667,0.3022149001260585
2004-11-15,2004-11-15,39.7,-13.589304102003997,54.666666666666664,-1.3773625646626648
2004-12-15,2004-12-15,35.9,-21.36987921937489,54.70833333333333,2.5615458860415607
2005-01-15,2005-01-15,30.0,-22.291358092614328,54.550000000000004,-2.2586419073856767
2005-02-15,2005-02-15,37.8,-15.767766543318553,54.41250000000001,-0.8447334566814586
2005-03-15,2005-03-15,48.9,-8.032907388388976,54.36666666666667,2.5662407217223073
2005-04-15,2005-04-15,53.6,-0.5646562146800542,54.37083333333333,-0.20617711865327437
2005-05-15,2005-05-15,64.3,8.33974519377065,54.30833333333332,1.6519214728960243
2005-06-15,2005-06-15,68.6,15.869909513019477,53.89583333333333,-1.1657428463528117
2005-07-15,2005-07-15,77.5,23.31002509074509,53.89166666666666,0.29830824258825217
2005-08-15,2005-08-15,76.6,21.74434222037472,54.17499999999999,0.6806577796252853
2005-09-15,2005-09-15,65.1,12.75823110926361,53.941666666666656,-1.5998977759302715
2005-10-15,2005-10-15,54.4,-0.4063815667927299,53.71666666666666,1.089714900126067
2005-11-15,2005-11-15,38.3,-13.589304102003997,53.58749999999999,-1.6981958979959977
2005-12-15,2005-12-15,27.4,-21.36987921937489,53.59166666666667,-4.821787447291779
2006-01-15,2006-01-15,38.4,-22.291358092614328,53.775,6.9163580926143275
2006-02-15,2006-02-15,36.2,-15.767766543318553,53.80833333333333,-1.8405667900147744
2006-03-15,2006-03-15,44.9,-8.032907388388976,53.80416666666667,-0.8712592782776927
2006-04-15,2006-04-15,52.2,-0.5646562146800542,53.791666666666664,-1.0270104519866072
2006-05-15,2006-05-15,62.6,8.33974519377065,53.775000000000006,0.4852548062293458
2006-06-15,2006-06-15,70.4,15.869909513019477,53.90833333333333,0.6217571536471969
2006-07-15,2006-07-15,80.1,23.31002509074509,53.575,3.2149749092549023
2006-08-15,2006-08-15,74.8,21.74434222037472,53.24166666666667,-0.18600888704138896
2006-09-15,2006-09-15,66.8,12.75823110926361,53.4125,0.6292688907363857
2006-10-15,2006-10-15,52.4,-0.4063815667927299,53.52499999999999,-0.7186184332072629
2006-11-15,2006-11-15,39.9,-13.589304102003997,53.55416666666666,-0.06486256466266482
2006-12-15,2006-12-15,29.0,-21.36987921937489,53.49583333333333,-3.1259541139584393
2007-01-15,2007-01-15,28.8,-22.291358092614328,53.454166666666666,-2.3628085740523375
2007-02-15,2007-02-15,37.8,-15.767766543318553,53.454166666666666,0.1135998766518842
2007-03-15,2007-03-15,47.4,-8.032907388388976,53.37083333333333,2.0620740550556445
2007-04-15,2007-04-15,52.4,-0.5646562146800542,53.2875,-0.3228437853199486
2007-05-15,2007-05-15,63.1,8.33974519377065,53.220833333333324,1.5394214728960272
2007-06-15,2007-06-15,68.5,15.869909513019477,53.345833333333324,-0.7157428463528017
2007-07-15,2007-07-15,81.0,23.31002509074509,53.43333333333333,4.256641575921581
2007-08-15,2007-08-15,73.9,21.74434222037472,53.483333333333334,-1.3276755537080476
2007-09-15,2007-09-15,65.7,12.75823110926361,53.43333333333332,-0.4915644425969301
2007-10-15,2007-10-15,51.5,-0.4063815667927299,53.11666666666666,-1.21028509987393
2007-11-15,2007-11-15,39.2,-13.589304102003997,52.98749999999999,-0.19819589799599058
2007-12-15,2007-12-15,32.7,-21.36987921937489,52.99166666666665,1.0782125527082407
2008-01-15,2008-01-15,27.2,-22.291358092614328,52.81249999999999,-3.321141907385666
2008-02-15,2008-02-15,40.6,-15.767766543318553,52.68333333333332,3.6844332099852313
2008-03-15,2008-03-15,43.4,-8.032907388388976,52.729166666666664,-1.2962592782776898
2008-04-15,2008-04-15,48.8,-0.5646562146800542,52.775,-3.410343785319947
2008-05-15,2008-05-15,63.6,8.33974519377065,52.9375,2.3227548062293515
2008-06-15,2008-06-15,68.1,15.869909513019477,52.74583333333333,-0.5157428463528131
2008-07-15,2008-07-15,77.1,23.31002509074509,52.57083333333333,1.2191415759215722
2008-08-15,2008-08-15,74.7,21.74434222037472,52.483333333333334,0.4723244462919496
2008-09-15,2008-09-15,66.0,12.75823110926361,52.18749999999999,1.054268890736397
2008-10-15,2008-10-15,52.3,-0.4063815667927299,52.24583333333333,0.46054823345939705
2008-11-15,2008-11-15,42.3,-13.589304102003997,52.30833333333332,3.580970768670671
2008-12-15,2008-12-15,25.0,-21.36987921937489,52.39166666666666,-6.021787447291768
2009-01-15,2009-01-15,30.7,-22.291358092614328,52.641666666666666,0.3496914259476611
2009-02-15,2009-02-15,35.0,-15.767766543318553,52.81666666666667,-2.048900123348117
2009-03-15,2009-03-15,41.9,-8.032907388388976,52.979166666666664,-3.04625927827769
2009-04-15,2009-04-15,51.7,-0.5646562146800542,52.9875,-0.7228437853199401
2009-05-15,2009-05-15,62.2,8.33974519377065,52.84583333333334,1.0144214728960144
2009-06-15,2009-06-15,71.5,15.869909513019477,52.775000000000006,2.855090486980517
2009-07-15,2009-07-15,79.7,23.31002509074509,53.0625,3.3274749092549136
2009-08-15,2009-08-15,76.3,21.74434222037472,53.65833333333333,0.8973244462919467
2009-09-15,2009-09-15,68.3,12.75823110926361,54.15833333333333,1.3834355574030557
2009-10-15,2009-10-15,50.2,-0.4063815667927299,54.42916666666666,-3.8227850998739275
2009-11-15,2009-11-15,41.0,-13.589304102003997,54.31249999999999,0.27680410200400374
2009-12-15,2009-12-15,24.6,-21.36987921937489,53.94166666666667,-7.971787447291778
2010-01-15,2010-01-15,38.0,-22.291358092614328,53.62083333333334,6.67052475928099
2010-02-15,2010-02-15,42.0,-15.767766543318553,53.42083333333334,4.346933209985211
2010-03-15,2010-03-15,46.9,-8.032907388388976,53.24583333333334,1.6870740550556373
2010-04-15,2010-04-15,53.2,-0.5646562146800542,53.304166666666674,0.4604895480133828
2010-05-15,2010-05-15,57.9,8.33974519377065,53.2875,-3.7272451937706528
2010-06-15,2010-06-15,66.9,15.869909513019477,53.48333333333333,-2.453242846352799
2010-07-15,2010-07-15,76.6,23.31002509074509,53.67499999999999,-0.38502509074508495
2010-08-15,2010-08-15,74.6,21.74434222037472,53.20416666666666,-0.3485088870413833
2010-09-15,2010-09-15,65.8,12.75823110926361,52.79999999999999,0.24176889073639707
2010-10-15,2010-10-15,54.1,-0.4063815667927299,52.48333333333332,2.023048233459411
2010-11-15,2010-11-15,36.7,-13.589304102003997,52.254166666666656,-1.9648625646626563
2010-12-15,2010-12-15,33.6,-21.36987921937489,52.22916666666665,2.740712552708242
2011-01-15,2011-01-15,33.6,-22.291358092614328,52.099999999999994,3.7913580926143347
2011-02-15,2011-02-15,35.1,-15.767766543318553,52.045833333333334,-1.17806679001478
2011-03-15,2011-03-15,44.1,-8.032907388388976,52.275000000000006,-0.14209261161102837
2011-04-15,2011-04-15,48.4,-0.5646562146800542,52.425,-3.460343785319944
2011-05-15,2011-05-15,57.2,8.33974519377065,52.49583333333334,-3.635578527103984
2011-06-15,2011-06-15,67.0,15.869909513019477,52.44583333333333,-1.3157428463528102
2011-07-15,2011-07-15,73.4,23.31002509074509,52.27083333333333,-2.180858424078412
2011-08-15,2011-08-15,76.5,21.74434222037472,52.324999999999996,2.4306577796252853
2011-09-15,2011-09-15,69.4,12.75823110926361,52.5,4.141768890736396
2011-10-15,2011-10-15,54.1,-0.4063815667927299,52.83333333333333,1.6730482334594028
2011-11-15,2011-11-15,38.4,-13.589304102003997,53.2625,-1.2731958979960076
2011-12-15,2011-12-15,30.7,-21.36987921937489,53.38749999999999,-1.3176207806250986
2012-01-15,2012-01-15,32.3,-22.291358092614328,53.541666666666664,1.0496914259476604
2012-02-15,2012-02-15,37.7,-15.767766543318553,53.7875,-0.3197334566814458
2012-03-15,2012-03-15,45.7,-8.032907388388976,53.7625,-0.02959261161102411
2012-04-15,2012-04-15,54.8,-0.5646562146800542,53.62916666666667,1.7354895480133814
2012-05-15,2012-05-15,61.1,8.33974519377065,53.725,-0.9647451937706499
2012-06-15,2012-06-15,66.1,15.869909513019477,54.1125,-3.8824095130194802
2012-07-15,2012-07-15,78.0,23.31002509074509,54.24583333333333,0.44414157592158077
2012-08-15,2012-08-15,77.8,21.74434222037472,54.19583333333333,1.8598244462919453
2012-09-15,2012-09-15,67.5,12.75823110926361,54.275,0.4667688907363914
2012-10-15,2012-10-15,52.8,-0.4063815667927299,54.25,-1.0436184332072729
2012-11-15,2012-11-15,42.0,-13.589304102003997,54.2875,1.3018041020039952
2012-12-15,2012-12-15,36.4,-21.36987921937489,54.52916666666666,3.240712552708228
2013-01-15,2013-01-15,29.8,-22.291358092614328,54.795833333333334,-2.704475240719006
2013-02-15,2013-02-15,39.0,-15.767766543318553,54.90416666666666,-0.1364001233481087
2013-03-15,2013-03-15,46.3,-8.032907388388976,54.97500000000001,-0.6420926116110355
2013-04-15,2013-04-15,53.6,-0.5646562146800542,55.0375,-0.8728437853199458
2013-05-15,2013-05-15,63.2,8.33974519377065,54.875,-0.014745193770647091
2013-06-15,2013-06-15,69.8,15.869909513019477,54.329166666666666,-0.39907617968614595
2013-07-15,2013-07-15,80.7,23.31002509074509,54.15833333333334,3.231641575921575
2013-08-15,2013-08-15,77.7,21.74434222037472,54.17083333333334,1.7848244462919425
2013-09-15,2013-09-15,69.3,12.75823110926361,54.0125,2.5292688907363843
2013-10-15,2013-10-15,52.5,-0.4063815667927299,54.14166666666667,-1.2352850998739429
2013-11-15,2013-11-15,38.4,-13.589304102003997,54.31666666666667,-2.3273625646626748
2013-12-15,2013-12-15,26.9,-21.36987921937489,54.462500000000006,-6.192620780625116
2014-01-15,2014-01-15,35.2,-22.291358092614328,54.59583333333333,2.895524759280999
2014-02-15,2014-02-15,33.9,-15.767766543318553,54.74583333333333,-5.078066790014779
2014-03-15,2014-03-15,47.6,-8.032907388388976,54.80416666666667,0.8287407217223102
2014-04-15,2014-04-15,55.4,-0.5646562146800542,55.05833333333333,0.9063228813467228
2014-05-15,2014-05-15,65.6,8.33974519377065,55.291666666666664,1.96858813956268
2014-06-15,2014-06-15,70.9,15.869909513019477,55.68749999999999,-0.6574095130194646
2014-07-15,2014-07-15,82.8,23.31002509074509,56.074999999999996,3.414974909254912
2014-08-15,2014-08-15,79.2,21.74434222037472,56.516666666666666,0.9389911129586181
2014-09-15,2014-09-15,69.2,12.75823110926361,57.15416666666667,-0.7123977759302758
2014-10-15,2014-10-15,58.7,-0.4063815667927299,57.283333333333324,1.8230482334594085
2014-11-15,2014-11-15,37.8,-13.589304102003997,57.287499999999994,-5.8981958979960005
2014-12-15,2014-12-15,37.0,-21.36987921937489,57.66249999999999,0.7073792193749036
2015-01-15,2015-01-15,34.4,-22.291358092614328,57.941666666666656,-1.2503085740523296
2015-02-15,2015-02-15,45.3,-15.767766543318553,57.82916666666665,3.2385998766518984
2015-03-15,2015-03-15,51.5,-8.032907388388976,57.608333333333334,1.9245740550556416
2015-04-15,2015-04-15,54.6,-0.5646562146800542,57.49166666666667,-2.3270104519866113
2015-05-15,2015-05-15,66.5,8.33974519377065,57.62499999999999,0.5352548062293572
2015-06-15,2015-06-15,79.0,15.869909513019477,57.616666666666674,5.513423820313848
2015-07-15,2015-07-15,81.4,23.31002509074509,57.537499999999994,0.5524749092549222
2015-08-15,2015-08-15,77.9,21.74434222037472,57.47083333333333,-1.3151755537080447
2015-09-15,2015-09-15,65.2,12.75823110926361,57.24583333333334,-4.804064442596944
2015-10-15,2015-10-15,59.9,-0.4063815667927299,57.36666666666667,2.939714900126061
2015-11-15,2015-11-15,39.8,-13.589304102003997,57.575,-4.185695897996009
2015-12-15,2015-12-15,34.8,-21.36987921937489,57.21666666666667,-1.0467874472917806
2016-01-15,2016-01-15,34.7,-22.291358092614328,56.72083333333333,0.27052475928099895
2016-02-15,2016-02-15,43.4,-15.767766543318553,56.4875,2.680266543318554
2016-03-15,2016-03-15,48.0,-8.032907388388976,56.470833333333324,-0.43792594494434844
2016-04-15,2016-04-15,61.0,-0.5646562146800542,56.25416666666666,5.310489548013392
2016-05-15,2016-05-15,65.1,8.33974519377065,56.32916666666666,0.43108813956268577
2016-06-15,2016-06-15,71.8,15.869909513019477,56.329166666666666,-0.39907617968614595
2016-07-15,2016-07-15,76.7,23.31002509074509,55.47083333333333,-2.080858424078418
2016-08-15,2016-08-15,77.0,21.74434222037472,54.466666666666654,0.7889911129586267
2016-09-15,2016-09-15,65.7,12.75823110926361,,
2016-10-15,2016-10-15,54.2,-0.4063815667927299,,
2016-11-15,2016-11-15,47.3,-13.589304102003997,,
2016-12-15,2016-12-15,27.3,-21.36987921937489,,
2017-01-15,2017-01-15,21.6,-22.291358092614328,,
2017-02-15,2017-02-15,32.4,-15.767766543318553,,
